serial_number_00,serial_number_01,serial_number_02,serial_number_03,serial_number_04,serial_number_05,serial_number_06,serial_number_07,serial_number_08,serial_number_09,serial_number_10,serial_number_11,serial_number_12,serial_number_13,serial_number_14,serial_number_15,serial_number_16,serial_number_17,serial_number_18,serial_number_19,serial_number_20,serial_number_21,serial_number_22,serial_number_23,serial_number_24,serial_number_25,serial_number_26,serial_number_27,serial_number_28,serial_number_29,booking_id_00,booking_id_01,booking_id_02,booking_id_03,booking_id_04,booking_id_05,booking_id_06,booking_id_07,booking_id_08,booking_id_09,booking_id_10,booking_id_11,booking_id_12,booking_id_13,booking_id_14,booking_id_15,booking_id_16,booking_id_17,booking_id_18,booking_id_19,booking_id_20,booking_id_21,booking_id_22,booking_id_23,booking_id_24,booking_id_25,booking_id_26,booking_id_27,booking_id_28,booking_id_29,workstep_number_mes,sequence_number,created_at_year,created_at_month,created_at_day,created_at_hour,created_at_total_seconds,updated_at_year,updated_at_month,updated_at_day,updated_at_hour,updated_at_total_seconds,book_stamp_year,book_stamp_month,book_stamp_day,book_stamp_hour,book_stamp_total_seconds,serial_number_id_00,serial_number_id_01,serial_number_id_02,serial_number_id_03,serial_number_id_04,serial_number_id_05,serial_number_id_06,serial_number_id_07,serial_number_id_08,serial_number_id_09,serial_number_id_10,serial_number_id_11,serial_number_id_12,serial_number_id_13,serial_number_id_14,serial_number_id_15,serial_number_id_16,serial_number_id_17,serial_number_id_18,serial_number_id_19,serial_number_id_20,serial_number_id_21,serial_number_id_22,serial_number_id_23,serial_number_id_24,serial_number_id_25,serial_number_id_26,serial_number_id_27,serial_number_id_28,serial_number_id_29,lot_id,station_id,station_diag_id,workorder_id,panel_position_number,workorder_type,station_number,station_desc,station_diag_number,station_diag_desc,workorder_number,workorder_desc,object_id,product_variant_id,workplan_id,part_number,part_desc,part_group,has_failures,erp_group_id,workstep_number_alt,workstep_number_erp,workstep_desc,workstep_id,erp_group_desc,line_id,line_desc,plant_desc,recipe_revision_id,measure_step_number,measure_value_00,measure_value_01,measure_value_02,measure_value_03,measure_value_04,measure_value_05,measure_value_06,measure_value_07,measure_value_08,measure_value_09,measure_value_10,measure_value_11,measure_value_12,measure_value_13,measure_value_14,measure_value_15,measure_value_16,measure_value_17,measure_value_18,measure_value_19,measure_value_20,measure_value_21,measure_value_22,measure_value_23,measure_value_24,measure_value_25,measure_value_26,measure_value_27,measure_value_28,measure_value_29,measure_fail_code,catalog_id_00,catalog_id_01,catalog_id_02,catalog_id_03,catalog_id_04,catalog_id_05,catalog_id_06,catalog_id_07,catalog_id_08,catalog_id_09,catalog_id_10,catalog_id_11,catalog_id_12,catalog_id_13,catalog_id_14,catalog_id_15,catalog_id_16,catalog_id_17,catalog_id_18,catalog_id_19,catalog_id_20,catalog_id_21,catalog_id_22,catalog_id_23,catalog_id_24,catalog_id_25,catalog_id_26,catalog_id_27,catalog_id_28,catalog_id_29,product_id,teststep_id_00,teststep_id_01,teststep_id_02,teststep_id_03,teststep_id_04,teststep_id_05,teststep_id_06,teststep_id_07,teststep_id_08,teststep_id_09,teststep_id_10,teststep_id_11,teststep_id_12,teststep_id_13,teststep_id_14,teststep_id_15,teststep_id_16,teststep_id_17,teststep_id_18,teststep_id_19,teststep_id_20,teststep_id_21,teststep_id_22,teststep_id_23,teststep_id_24,teststep_id_25,teststep_id_26,teststep_id_27,teststep_id_28,teststep_id_29,measurement_name_00,measurement_name_01,measurement_name_02,measurement_name_03,measurement_name_04,measurement_name_05,measurement_name_06,measurement_name_07,measurement_name_08,measurement_name_09,measurement_name_10,measurement_name_11,measurement_name_12,measurement_name_13,measurement_name_14,measurement_name_15,measurement_name_16,measurement_name_17,measurement_name_18,measurement_name_19,measurement_name_20,measurement_name_21,measurement_name_22,measurement_name_23,measurement_name_24,measurement_name_25,measurement_name_26,measurement_name_27,measurement_name_28,measurement_name_29,measurement_unit,measurement_type,lower_limit_00,lower_limit_01,lower_limit_02,lower_limit_03,lower_limit_04,lower_limit_05,lower_limit_06,lower_limit_07,lower_limit_08,lower_limit_09,lower_limit_10,lower_limit_11,lower_limit_12,lower_limit_13,lower_limit_14,lower_limit_15,lower_limit_16,lower_limit_17,lower_limit_18,lower_limit_19,lower_limit_20,lower_limit_21,lower_limit_22,lower_limit_23,lower_limit_24,lower_limit_25,lower_limit_26,lower_limit_27,lower_limit_28,lower_limit_29,upper_limit,target
0.055498682,1.1240981,-0.3518971,0.22388905,1.8021759,-0.48589292,-0.49797708,2.1503644,0.06453513,-0.8533933,-0.19080469,-0.9533004,0.78464276,0.43989062,2.0798857,-0.7491226,-0.7957335,-0.7737673,1.0270114,-0.7679577,-0.47268516,-0.9747588,-0.8733988,-0.49702278,-0.49133715,0.87808204,0.0018186043,0.56428146,0.3476559,0.30001703,0.010202961,1.9189372,-0.7396787,-0.17526792,1.6385863,-0.71696407,-0.9997712,0.5200394,-0.55827004,-0.30322754,-0.20426899,-0.37677667,-0.8842552,-0.25085825,0.8797049,-0.72844297,0.52005726,2.1367252,-0.45686883,-0.7650117,-0.94849145,-0.8321632,-0.30271134,-0.8070288,-0.37323314,-0.603192,-0.3374025,-0.45134008,0.61320573,-0.57300663,-0.23822674,-0.05790533,0.0,0.0,-0.918359,-1.0897521,-1.076007,0.0,0.0,-0.918359,-1.0897523,-1.0760069,0.0,0.0,-0.918359,-1.0897523,-1.0760069,-0.54408973,0.01773969,0.20204285,-0.6844104,0.3092193,-0.8600367,1.1009779,1.480428,-0.76639897,-0.87689507,-1.0303344,-0.6733762,-0.90278685,-0.007143121,2.7652395,-0.08899025,-0.46683156,-0.16840206,1.0821031,-0.08947878,1.2877855,3.1069322,-0.40529114,0.3504561,0.09141638,-0.60922706,-0.1274564,-0.58601904,0.32383794,0.018404575,0.0,-0.717332,-0.004783495,0.2451631,-0.9815094,0.0,0.32221454,1.2013643,,,-0.7203277,0.3469309,-0.33931053,-0.052915577,0.21522443,-0.37067202,0.3579784,-0.13029364,-0.010993073,-0.37442085,0.0,-0.23822674,-0.1255564,-0.3762835,-0.40398565,-0.4129742,0.4129742,0.0,-0.60289925,1.5565281,1.1145928,-0.86863726,-0.75410247,-0.58007354,0.13488334,-0.6588747,-0.9008003,0.11611171,-0.6401413,1.079879,-0.26312622,-0.4390683,-0.49838698,0.11547547,-0.4223936,-0.2448207,-0.6694829,0.26989168,-0.21156195,0.8519329,-0.42324075,0.14186443,0.4657177,-0.6256691,-0.53578144,0.046950497,-0.22757353,-0.36299014,-0.7115269,-0.22569361,-0.0020338148,-0.6139943,-0.22196366,0.44075128,-0.55986035,-0.10496499,-0.16393813,0.2634839,0.13760129,-0.15065111,0.035848595,0.13679506,-0.57642764,0.7091935,0.42985907,-0.5811553,-0.39019778,0.44561327,0.5924732,-0.15093733,0.08526293,-0.57843184,-0.40793285,-0.58685464,-0.53089154,-0.30011237,-0.46034995,-0.29239625,-0.38004646,-0.20367187,0.6834017,-0.37413526,-0.36627153,-0.64102876,-0.81550103,0.2663874,-0.41313413,-0.46037638,-0.5748328,-0.3919926,-0.47646636,-0.43028495,0.5339492,-0.52274036,-0.2852854,0.4746733,-0.57951623,-0.40480402,2.287254,-0.29460153,-0.2326585,0.20318577,0.08341055,-0.5328657,-0.094358586,-0.19713956,-0.60487336,0.29738343,0.84183526,-0.54923487,-0.36520854,-0.5091929,-0.41454554,-0.3326399,0.07429432,-0.5308124,-0.36064893,-0.5371322,0.3395462,-0.406101,0.02366079,0.2300207,-0.4826668,-0.20243222,-0.23770854,-0.5678812,-0.21193933,-0.14172855,0.444715,-0.5982241,0.12679254,-0.37687954,-0.37984028,-0.18365982,0.95127666,-0.23291452,-0.61907583,-0.08534977,-0.55216765,-0.5395852,-0.5647243,-0.43727797,0.4421034,-0.21156491,-0.035631046,-0.361918,-0.41014448,1.2760928,0.2403944,0.441132,0.49797314,0.20067142,-0.6629951,-0.97162575,-0.72958696,-0.03457938,-0.016998002,-0.8715742,0.028446225,-0.5085129,0.11963326,-0.37584287,-0.36097923,-0.21912396,-0.5242927,-0.82910806,1.064608,-1.0673977,0.10038559,-1.0730596,1.0836943,0.16063902,1.0754117,0.013851338,1.5092384,0
0.055498682,1.1240981,-0.3518971,0.22388905,1.8021759,-0.48589292,-0.49797708,2.1503644,0.06453513,-0.8533933,-0.19080469,-0.9533004,0.78464276,0.43989062,2.0798857,-0.7491226,-0.7957335,-0.7737673,1.0270114,-0.7679577,-0.47268516,-0.9747588,-0.8733988,-0.49702278,-0.49133715,0.87808204,0.0018186043,0.56428146,0.3476559,0.30001703,0.010202961,1.9189372,-0.7396787,-0.17526792,1.6385863,-0.71696407,-0.9997712,0.5200394,-0.55827004,-0.30322754,-0.20426899,-0.37677667,-0.8842552,-0.25085825,0.8797049,-0.72844297,0.52005726,2.1367252,-0.45686883,-0.7650117,-0.94849145,-0.8321632,-0.30271134,-0.8070288,-0.37323314,-0.603192,-0.3374025,-0.45134008,0.61320573,-0.57300663,-0.23822674,-0.05790533,0.0,0.0,-0.918359,-1.0897521,-1.076007,0.0,0.0,-0.918359,-1.0897523,-1.0760069,0.0,0.0,-0.918359,-1.0897523,-1.0760069,-0.54408973,0.01773969,0.20204285,-0.6844104,0.3092193,-0.8600367,1.1009779,1.480428,-0.76639897,-0.87689507,-1.0303344,-0.6733762,-0.90278685,-0.007143121,2.7652395,-0.08899025,-0.46683156,-0.16840206,1.0821031,-0.08947878,1.2877855,3.1069322,-0.40529114,0.3504561,0.09141638,-0.60922706,-0.1274564,-0.58601904,0.32383794,0.018404575,0.0,-0.717332,-0.004783495,0.2451631,-0.9815094,0.0,0.32221454,1.2013643,,,-0.7203277,0.3469309,-0.33931053,-0.052915577,0.21522443,-0.37067202,0.3579784,-0.13029364,-0.010993073,-0.37442085,0.0,-0.23822674,-0.1255564,-0.3762835,-0.40398565,-0.4129742,0.4129742,0.0,-0.60289925,0.7795456,0.8035692,1.5771022,0.78500974,1.2607905,0.116062894,1.2102107,0.39151704,-0.35461035,1.8354053,-0.75069946,0.04067641,-0.38983855,1.3710392,0.77850896,2.0040038,0.7767367,3.050351,0.4870991,1.5405862,1.8984137,1.4572631,0.5416675,-0.64246136,2.3137765,0.5815911,-0.42314446,0.5652193,-0.6418758,2.679831,1.5007132,-0.0020338148,-0.6515253,-0.21076524,-0.54034656,-0.6481755,-0.5921358,-0.48442274,2.0746694,-0.32771057,-0.38906473,-0.41324976,-0.17073312,0.39604598,-0.65423614,0.49199083,-0.48433426,0.5087696,0.38140655,0.16522352,-0.24493073,-0.16894937,-0.62949014,-0.022041509,0.45621112,0.09751437,-0.2063894,-0.46034995,1.0321149,0.7305872,1.4905335,-0.56286144,-0.37413526,-0.48289722,0.049725417,-0.3662089,-0.5786253,-0.33804458,-0.49692827,0.40181673,-0.36398354,-0.25437826,1.0826558,-0.50027525,-0.04681092,2.3846176,0.21605772,0.047047947,-0.15688129,-0.43403476,-0.26826376,0.1090232,-0.6217811,-0.57062227,-0.067647964,0.26112685,-0.51009065,-0.53011477,-0.46333137,-0.34408534,-0.45014164,-0.44612637,-0.4939471,-0.59371734,-0.12951413,0.7119058,-0.6039188,-0.53519017,0.5931874,0.27293187,-0.3775809,-0.45996118,-0.09393667,0.076097846,-0.20847876,-0.062073294,-0.5678812,-0.43045503,2.8732722,-0.16056046,-0.6184839,-0.70885295,-0.37687954,0.64984363,0.008813415,0.04990758,1.3053304,0.84007907,-0.4673548,-0.36095917,0.17563647,0.33986124,-0.034320038,-0.5014788,-0.21156491,-0.7016614,0.3436595,-0.9977723,-0.6940469,-0.910552,-1.3765026,-1.4577489,-0.18985052,-0.70197225,-0.09151649,0.20459418,-0.8657445,-1.0962294,-0.9308798,0.767032,-1.0295238,-1.2637935,0.40384248,-0.86213136,-0.3781981,-0.38460404,-1.1791433,-0.53131616,-0.7018486,-0.51951855,0.4518039,1.0148988,-1.0447108,-1.4814292,-0.42114237,-0.53968865,0
0.055498682,1.1240981,-0.3518971,0.22388905,1.8021759,-0.48589292,-0.49797708,2.1503644,0.06453513,-0.8533933,-0.19080469,-0.9533004,0.78464276,0.43989062,2.0798857,-0.7491226,-0.7957335,-0.7737673,1.0270114,-0.7679577,-0.47268516,-0.9747588,-0.8733988,-0.49702278,-0.49133715,0.87808204,0.0018186043,0.56428146,0.3476559,0.30001703,0.010202961,1.9189372,-0.7396787,-0.17526792,1.6385863,-0.71696407,-0.9997712,0.5200394,-0.55827004,-0.30322754,-0.20426899,-0.37677667,-0.8842552,-0.25085825,0.8797049,-0.72844297,0.52005726,2.1367252,-0.45686883,-0.7650117,-0.94849145,-0.8321632,-0.30271134,-0.8070288,-0.37323314,-0.603192,-0.3374025,-0.45134008,0.61320573,-0.57300663,-0.23822674,-0.05790533,0.0,0.0,-0.918359,-1.0897521,-1.076007,0.0,0.0,-0.918359,-1.0897523,-1.0760069,0.0,0.0,-0.918359,-1.0897523,-1.0760069,-0.54408973,0.01773969,0.20204285,-0.6844104,0.3092193,-0.8600367,1.1009779,1.480428,-0.76639897,-0.87689507,-1.0303344,-0.6733762,-0.90278685,-0.007143121,2.7652395,-0.08899025,-0.46683156,-0.16840206,1.0821031,-0.08947878,1.2877855,3.1069322,-0.40529114,0.3504561,0.09141638,-0.60922706,-0.1274564,-0.58601904,0.32383794,0.018404575,0.0,-0.717332,-0.004783495,0.2451631,-0.9815094,0.0,0.32221454,1.2013643,,,-0.7203277,0.3469309,-0.33931053,-0.052915577,0.21522443,-0.37067202,0.3579784,-0.13029364,-0.010993073,-0.37442085,0.0,-0.23822674,-0.1255564,-0.3762835,-0.40398565,-0.4129742,0.4129742,0.0,-0.60289925,-0.1056244,-0.20496953,-0.19909228,0.774835,-0.46730006,-0.6855586,-0.4038746,-0.854296,-0.113376975,-0.84099925,1.315272,-0.8303168,-0.7649196,-0.37192562,-0.5587269,0.6081128,-0.8948676,-0.45899236,1.0226696,-0.83312374,-0.2995207,-0.4580247,-0.90951526,-0.143943,-0.14463896,-0.6810469,-0.5797064,2.3518798,-0.66856694,-0.4747241,-0.87735367,-0.0020338148,0.051716536,-0.021494262,-0.3191417,-0.26669657,-0.6004901,-0.14755067,1.4969996,0.08120023,-0.5512042,-0.06880735,2.4708269,-0.47169948,-0.52718097,1.1506652,-0.7037218,-0.47859472,-0.6569817,-0.24926822,-0.061985157,-0.23131186,-0.56873995,-0.14607216,0.00018973956,-0.5641608,-0.22533904,-0.51981044,-0.4935842,0.09540868,-0.33764926,-0.3247975,-0.37413526,1.3580948,1.2948115,-0.5252609,-0.06230758,-0.3327065,-0.33828044,-0.5289764,-0.2624643,0.50371104,-0.5148878,-0.30167833,1.2934355,-0.14080894,0.010888588,-0.6479476,-0.24625306,-0.45028147,-0.5895743,-0.67221457,-0.4771911,-0.22386126,-0.6793555,-0.061559718,-0.23631929,-0.37179738,-0.5167183,-0.36317703,-0.208801,-0.050365254,-0.38914317,-0.41454554,0.3141042,-0.70622784,-0.29785347,-0.2867377,1.3052512,0.012087187,1.2287669,-0.53799003,-0.37305543,-0.4851983,-0.14460106,-0.0042896904,-0.3386197,0.017647933,-0.14172855,-0.37979224,0.2607054,-0.06615266,-0.37687954,1.0467255,0.008813415,-0.38944513,-0.5479957,-0.647617,-0.5137173,-0.53053755,-0.3706697,1.1297541,-0.1142823,-2.0112102,-0.21156491,1.9443942,-0.5014087,0.55039334,0.5626228,1.8552631,-0.5114305,0.42079398,-0.39310545,-0.75299275,1.389207,1.0772526,-0.34743142,-1.0287017,1.6671888,-0.61356145,-0.5877928,-0.23380071,0.114638954,-0.3816282,-0.84069556,-0.6315019,0.80936944,-0.6006748,0.6189285,-0.96193486,0.2852722,-0.33979264,1.2150673,0.3843908,-0.25995436,-0.76734716,0
0.055498682,1.1240981,-0.3518971,0.22388905,1.8021759,-0.48589292,-0.49797708,2.1503644,0.06453513,-0.8533933,-0.19080469,-0.9533004,0.78464276,0.43989062,2.0798857,-0.7491226,-0.7957335,-0.7737673,1.0270114,-0.7679577,-0.47268516,-0.9747588,-0.8733988,-0.49702278,-0.49133715,0.87808204,0.0018186043,0.56428146,0.3476559,0.30001703,0.010202961,1.9189372,-0.7396787,-0.17526792,1.6385863,-0.71696407,-0.9997712,0.5200394,-0.55827004,-0.30322754,-0.20426899,-0.37677667,-0.8842552,-0.25085825,0.8797049,-0.72844297,0.52005726,2.1367252,-0.45686883,-0.7650117,-0.94849145,-0.8321632,-0.30271134,-0.8070288,-0.37323314,-0.603192,-0.3374025,-0.45134008,0.61320573,-0.57300663,-0.23822674,-0.05790533,0.0,0.0,-0.918359,-1.0897521,-1.076007,0.0,0.0,-0.918359,-1.0897523,-1.0760069,0.0,0.0,-0.918359,-1.0897523,-1.0760069,-0.54408973,0.01773969,0.20204285,-0.6844104,0.3092193,-0.8600367,1.1009779,1.480428,-0.76639897,-0.87689507,-1.0303344,-0.6733762,-0.90278685,-0.007143121,2.7652395,-0.08899025,-0.46683156,-0.16840206,1.0821031,-0.08947878,1.2877855,3.1069322,-0.40529114,0.3504561,0.09141638,-0.60922706,-0.1274564,-0.58601904,0.32383794,0.018404575,0.0,-0.717332,-0.004783495,0.2451631,-0.9815094,0.0,0.32221454,1.2013643,,,-0.7203277,0.3469309,-0.33931053,-0.052915577,0.21522443,-0.37067202,0.3579784,-0.13029364,-0.010993073,-0.37442085,0.0,-0.23822674,-0.1255564,-0.3762835,-0.40398565,-0.4129742,0.4129742,0.0,-0.60289925,0.5926764,-0.46503463,-0.8221425,-1.0683526,-0.80503327,-0.40345463,-0.77832896,-0.48681575,-0.7190034,-0.7776891,-0.67358637,-0.3500232,-0.50784904,-0.6693311,-0.12322971,-1.1088455,0.19962236,0.6120063,0.57374537,-0.34380853,-0.6372952,0.48909277,-0.20720513,-0.6751174,-0.4928902,-0.09994596,-0.40313548,-0.8643932,0.044445448,-0.75731534,-0.18165824,-0.0020338148,-0.08413455,-0.3221981,-0.6266266,0.1546826,-0.32204533,-0.13380098,-0.5734389,0.7374071,-0.55897194,-0.60947734,-0.043291017,-0.11822404,0.432819,-0.3828017,-0.12465695,0.25790912,-0.34836754,-0.6208509,-0.59517896,1.2567977,-0.48540336,-0.4904299,-0.5422359,-0.33943573,-0.22533904,0.24117649,0.5645214,-0.6173225,-0.33764926,-0.6426657,-0.37413526,0.49203217,0.55794835,-0.44085822,-0.38559124,0.23900369,-0.3230697,-0.34189484,-0.45630324,-0.3861206,-0.3604598,-0.1908206,-0.50072986,0.15450963,-0.43099403,0.16084857,-0.06910755,1.436597,-0.5895743,-0.01738458,-0.27024895,0.111343555,0.22066592,-0.33371395,0.42650023,-0.37179738,-0.5167183,-0.48066267,-0.35061294,-0.6275111,-0.38914317,-0.6668277,0.06388296,-0.292917,-0.5133815,0.30942163,-0.19953689,-0.3648944,-0.32671145,-0.15076323,-0.60245425,-0.03470386,0.3842315,-0.69804114,1.2617918,-0.092033915,0.14967583,-0.41377306,0.51624364,-0.6742196,-0.39879614,-0.05553342,-0.6411505,1.2817781,-0.29125854,-0.5726528,-0.43842897,-0.57363206,1.6571766,-0.24366288,-0.6157593,0.4421034,-0.21156491,-0.98578864,0.63389224,2.5858536,1.5881044,-0.88409346,2.1650925,2.7871249,1.4490464,1.1439141,-1.3334519,-1.227105,2.4418736,-0.79500294,-0.6167945,1.6302707,-0.59629494,0.14366542,-0.81622314,-0.5184686,1.3682795,-0.9271191,-1.2209929,0.83815396,0.27817908,-0.80990714,1.8617862,-1.524239,0.4955184,-0.6226586,-0.38942203,0.269764,0
0.055498682,1.1240981,-0.3518971,0.22388905,1.8021759,-0.48589292,-0.49797708,2.1503644,0.06453513,-0.8533933,-0.19080469,-0.9533004,0.78464276,0.43989062,2.0798857,-0.7491226,-0.7957335,-0.7737673,1.0270114,-0.7679577,-0.47268516,-0.9747588,-0.8733988,-0.49702278,-0.49133715,0.87808204,0.0018186043,0.56428146,0.3476559,0.30001703,0.010202961,1.9189372,-0.7396787,-0.17526792,1.6385863,-0.71696407,-0.9997712,0.5200394,-0.55827004,-0.30322754,-0.20426899,-0.37677667,-0.8842552,-0.25085825,0.8797049,-0.72844297,0.52005726,2.1367252,-0.45686883,-0.7650117,-0.94849145,-0.8321632,-0.30271134,-0.8070288,-0.37323314,-0.603192,-0.3374025,-0.45134008,0.61320573,-0.57300663,-0.23822674,-0.05790533,0.0,0.0,-0.918359,-1.0897521,-1.076007,0.0,0.0,-0.918359,-1.0897523,-1.0760069,0.0,0.0,-0.918359,-1.0897523,-1.0760069,-0.54408973,0.01773969,0.20204285,-0.6844104,0.3092193,-0.8600367,1.1009779,1.480428,-0.76639897,-0.87689507,-1.0303344,-0.6733762,-0.90278685,-0.007143121,2.7652395,-0.08899025,-0.46683156,-0.16840206,1.0821031,-0.08947878,1.2877855,3.1069322,-0.40529114,0.3504561,0.09141638,-0.60922706,-0.1274564,-0.58601904,0.32383794,0.018404575,0.0,-0.717332,-0.004783495,0.2451631,-0.9815094,0.0,0.32221454,1.2013643,,,-0.7203277,0.3469309,-0.33931053,-0.052915577,0.21522443,-0.37067202,0.3579784,-0.13029364,-0.010993073,-0.37442085,0.0,-0.23822674,-0.1255564,-0.3762835,-0.40398565,-0.4129742,0.4129742,0.0,-0.60289925,0.45498326,0.8545277,-0.5250525,-0.85560983,-0.3878375,-0.28333032,-0.78358656,1.4854952,0.7756838,-0.8774223,-0.63092667,-0.9346491,-0.64250416,-0.54636407,0.29882228,-0.5371826,-0.45843703,0.0024158724,-0.55147684,-0.30903515,-0.6372952,0.3118995,1.2558416,-0.7731111,-0.27824968,-0.8874176,-0.44704092,-0.21227361,-0.26113135,-0.8923313,-0.5424127,-0.0020338148,0.47650337,-0.69966197,-0.4983905,0.020525439,-0.11331871,-0.48442274,0.3453166,0.1908631,0.30760375,-0.38197327,-0.17073312,-0.07422721,0.0076910425,0.20597559,-0.29853946,-0.28316447,-0.35314202,-0.5120992,0.44582093,-0.42122188,-0.62949014,-0.11798481,0.29992017,-0.5433449,0.034168553,0.72705925,-0.30085516,-0.56332535,-0.20367187,0.68145907,-0.37413526,-0.45008865,-0.61768425,-0.41895902,-0.38559124,0.16391416,-0.45129442,-0.5683854,0.06903907,0.06641621,-0.09008996,-0.57006276,-0.5616996,0.81755716,-0.4184325,-0.6147067,-0.19979434,-0.54843515,-0.25414965,-0.683507,0.7045578,-0.25497425,-0.40780276,-0.5091987,-0.51985586,-0.22486629,0.19768421,-0.51991695,-0.23308644,-0.35454777,0.72044647,-0.5077416,-0.19737191,-0.45222354,0.5462359,0.38499004,0.1452308,0.19506872,0.3677343,0.33019763,-0.6361373,-0.182409,-0.2819066,-0.23770854,-0.29574433,-0.5502647,-0.28284833,-0.57003695,-0.38674375,-0.42990556,-0.48802418,-0.5490639,0.52779055,2.5550163,-0.47079095,-0.1559328,-0.1722892,-0.031386808,2.1723185,-0.43007877,0.4636633,1.0082526,-0.21156491,-0.7850413,1.1088157,2.259346,-0.52108353,0.801877,-0.8294463,0.69089854,0.35790685,0.9312042,-1.1658019,-0.7745485,3.9612098,0.094298944,-0.2747246,1.3712991,-0.888447,2.0819206,-1.1197516,-0.5567138,-0.5312969,0.5361835,-0.6336818,-1.2756218,0.5003336,-1.2897654,-0.9711419,-0.18534227,1.5001566,-0.68182534,-0.08496794,-0.10966692,0
0.055498682,1.1240981,-0.3518971,0.22388905,1.8021759,-0.48589292,-0.49797708,2.1503644,0.06453513,-0.8533933,-0.19080469,-0.9533004,0.78464276,0.43989062,2.0798857,-0.7491226,-0.7957335,-0.7737673,1.0270114,-0.7679577,-0.47268516,-0.9747588,-0.8733988,-0.49702278,-0.49133715,0.87808204,0.0018186043,0.56428146,0.3476559,0.30001703,0.010202961,1.9189372,-0.7396787,-0.17526792,1.6385863,-0.71696407,-0.9997712,0.5200394,-0.55827004,-0.30322754,-0.20426899,-0.37677667,-0.8842552,-0.25085825,0.8797049,-0.72844297,0.52005726,2.1367252,-0.45686883,-0.7650117,-0.94849145,-0.8321632,-0.30271134,-0.8070288,-0.37323314,-0.603192,-0.3374025,-0.45134008,0.61320573,-0.57300663,-0.23822674,-0.05790533,0.0,0.0,-0.918359,-1.0897521,-1.076007,0.0,0.0,-0.918359,-1.0897523,-1.0760069,0.0,0.0,-0.918359,-1.0897523,-1.0760069,-0.54408973,0.01773969,0.20204285,-0.6844104,0.3092193,-0.8600367,1.1009779,1.480428,-0.76639897,-0.87689507,-1.0303344,-0.6733762,-0.90278685,-0.007143121,2.7652395,-0.08899025,-0.46683156,-0.16840206,1.0821031,-0.08947878,1.2877855,3.1069322,-0.40529114,0.3504561,0.09141638,-0.60922706,-0.1274564,-0.58601904,0.32383794,0.018404575,0.0,-0.717332,-0.004783495,0.2451631,-0.9815094,0.0,0.32221454,1.2013643,,,-0.7203277,0.3469309,-0.33931053,-0.052915577,0.21522443,-0.37067202,0.3579784,-0.13029364,-0.010993073,-0.37442085,0.0,-0.23822674,-0.1255564,-0.3762835,-0.40398565,-0.4129742,0.4129742,0.0,-0.60289925,1.0975511,-0.32074964,-0.5659056,-0.1963022,0.32035258,0.116062894,-0.7779802,-0.7878323,-0.35461035,-0.25209495,-0.62918794,1.0758862,1.6593475,0.62326866,-0.55881476,-0.23554161,-0.001813632,-0.5941659,-0.8012495,-0.6139355,1.0495297,-0.20108297,-0.92137957,0.4055138,-0.88463837,-0.5141068,-0.26658276,-0.54848695,-0.6418758,-0.9243497,0.5718179,-0.0020338148,1.1687453,-0.77771926,-0.7195954,0.036802106,-0.35291025,-0.1940753,-0.53762555,-0.64128476,-0.3937322,-0.24253462,0.32880244,-0.5744724,-0.20449631,0.49199083,0.1512443,-0.489369,0.9912258,0.7596931,-0.13021676,-0.41299507,0.057767168,-0.6110504,-0.26062012,0.20963857,1.5260149,-0.51981044,-0.5877508,-0.3122633,0.40328166,-0.6590528,-0.37413526,-0.4279859,-0.23586367,-0.06795949,-0.3489685,0.6167277,-0.12777483,-0.050938502,-0.4575039,-0.59188795,-0.62409276,-0.17520507,0.18149748,-0.052488055,-0.17180622,-0.00058319117,-0.19979434,-0.33234522,-0.26826376,-0.67221457,-0.4368144,-0.117575996,-0.61840105,-0.5620819,-0.23631929,-0.22323318,-0.18539038,-0.36317703,-0.5764626,-0.746742,0.031104485,-0.39074332,-0.64828426,0.17555843,-0.47149226,-0.40889218,-0.17294812,0.8235676,0.398356,0.24697784,0.37923726,0.044220854,-0.7087028,-0.45902064,0.67426395,-0.41334334,-0.22408374,1.4303365,-0.28716278,1.3069383,-0.12900855,0.30139598,-0.5175615,-0.27006662,0.42357665,-0.676484,-0.28844056,-0.41723064,-0.396052,-0.5411537,-0.43378428,0.4421034,-0.21156491,-0.035631046,-0.361918,-0.41014448,1.2760928,0.2403944,0.441132,0.49797314,0.20067142,-0.6629951,-0.97162575,-0.72958696,-0.03457938,-0.016998002,-0.8715742,0.028446225,-0.5085129,0.11963326,-0.37584287,-0.36097923,-0.21912396,-0.5242927,-0.82910806,1.064608,-1.0673977,0.10038559,-1.0730596,1.0836943,0.16063902,1.0754117,0.013851338,1.5092384,0
0.055498682,1.1240981,-0.3518971,0.22388905,1.8021759,-0.48589292,-0.49797708,2.1503644,0.06453513,-0.8533933,-0.19080469,-0.9533004,0.78464276,0.43989062,2.0798857,-0.7491226,-0.7957335,-0.7737673,1.0270114,-0.7679577,-0.47268516,-0.9747588,-0.8733988,-0.49702278,-0.49133715,0.87808204,0.0018186043,0.56428146,0.3476559,0.30001703,0.010202961,1.9189372,-0.7396787,-0.17526792,1.6385863,-0.71696407,-0.9997712,0.5200394,-0.55827004,-0.30322754,-0.20426899,-0.37677667,-0.8842552,-0.25085825,0.8797049,-0.72844297,0.52005726,2.1367252,-0.45686883,-0.7650117,-0.94849145,-0.8321632,-0.30271134,-0.8070288,-0.37323314,-0.603192,-0.3374025,-0.45134008,0.61320573,-0.57300663,-0.23822674,-0.05790533,0.0,0.0,-0.918359,-1.0897521,-1.076007,0.0,0.0,-0.918359,-1.0897523,-1.0760069,0.0,0.0,-0.918359,-1.0897523,-1.0760069,-0.54408973,0.01773969,0.20204285,-0.6844104,0.3092193,-0.8600367,1.1009779,1.480428,-0.76639897,-0.87689507,-1.0303344,-0.6733762,-0.90278685,-0.007143121,2.7652395,-0.08899025,-0.46683156,-0.16840206,1.0821031,-0.08947878,1.2877855,3.1069322,-0.40529114,0.3504561,0.09141638,-0.60922706,-0.1274564,-0.58601904,0.32383794,0.018404575,0.0,-0.717332,-0.004783495,0.2451631,-0.9815094,0.0,0.32221454,1.2013643,,,-0.7203277,0.3469309,-0.33931053,-0.052915577,0.21522443,-0.37067202,0.3579784,-0.13029364,-0.010993073,-0.37442085,0.0,-0.23822674,-0.1255564,-0.3762835,-0.40398565,-0.4129742,0.4129742,0.0,-0.60289925,1.241801,-0.16565561,-0.6588954,-0.8883911,-0.34879884,-0.66957325,0.70132095,0.5393915,-0.8081827,0.5209837,-0.7584213,-0.73124415,-0.3689813,-0.75917983,0.11547547,-0.11004015,-0.8660298,-0.73512626,-0.29468542,-0.32098117,-0.6885408,0.479838,0.37093928,0.11501146,-0.39287087,-0.37606218,-0.5274447,-0.4801213,-0.56670797,-0.3251109,-0.48694912,-0.0020338148,-0.59093237,-0.05978436,-0.80779904,-0.55986035,-0.37145013,-0.49823225,0.03651064,-0.29437065,-0.16816087,0.57682866,0.08501278,-0.5931699,-0.46166146,-0.6240396,-0.40891817,-0.5087188,-0.6388496,-0.6523472,0.49313515,0.75031286,-0.22962816,0.29056117,0.19312818,-0.39804927,0.30745903,-0.5216194,-0.6039698,-0.23974386,0.31993222,-0.083320424,-0.37413526,0.07717776,-0.33367348,0.9035488,-0.6324228,-0.51331735,-0.17340867,-0.49356645,-0.3404308,-0.3888354,0.8204975,0.8059974,-0.55126,1.2763178,-0.562336,-0.48916274,0.46567458,-0.26895753,-0.6042743,-0.3539349,-0.4771911,-0.43920624,0.008371638,-0.15716961,-0.45234367,-0.048306935,-0.087151445,-0.0805907,0.36615655,-0.80603075,-0.51075757,-0.032507706,-0.030383024,0.14070429,0.5434589,1.0035814,0.8479565,-0.29610348,0.26071867,0.8877932,-0.2010444,-0.30884367,-0.14457232,-0.56311417,-0.037100006,0.46751443,-0.3723024,-0.41401616,2.9834194,-0.6790418,-0.42071217,-0.4176518,-0.47320473,-0.06655347,-0.27019334,-0.6739694,-0.4563296,-0.08765828,-0.42551997,0.39362696,0.17755905,0.4421034,-0.21156491,-0.035631046,-0.361918,-0.41014448,1.2760928,0.2403944,0.441132,0.49797314,0.20067142,-0.6629951,-0.97162575,-0.72958696,-0.03457938,-0.016998002,-0.8715742,0.028446225,-0.5085129,0.11963326,-0.37584287,-0.36097923,-0.21912396,-0.5242927,-0.82910806,1.064608,-1.0673977,0.10038559,-1.0730596,1.0836943,0.16063902,1.0754117,0.013851338,1.5092384,0
0.055498682,1.1240981,-0.3518971,0.22388905,1.8021759,-0.48589292,-0.49797708,2.1503644,0.06453513,-0.8533933,-0.19080469,-0.9533004,0.78464276,0.43989062,2.0798857,-0.7491226,-0.7957335,-0.7737673,1.0270114,-0.7679577,-0.47268516,-0.9747588,-0.8733988,-0.49702278,-0.49133715,0.87808204,0.0018186043,0.56428146,0.3476559,0.30001703,0.010202961,1.9189372,-0.7396787,-0.17526792,1.6385863,-0.71696407,-0.9997712,0.5200394,-0.55827004,-0.30322754,-0.20426899,-0.37677667,-0.8842552,-0.25085825,0.8797049,-0.72844297,0.52005726,2.1367252,-0.45686883,-0.7650117,-0.94849145,-0.8321632,-0.30271134,-0.8070288,-0.37323314,-0.603192,-0.3374025,-0.45134008,0.61320573,-0.57300663,-0.23822674,-0.05790533,0.0,0.0,-0.918359,-1.0897521,-1.076007,0.0,0.0,-0.918359,-1.0897523,-1.0760069,0.0,0.0,-0.918359,-1.0897523,-1.0760069,-0.54408973,0.01773969,0.20204285,-0.6844104,0.3092193,-0.8600367,1.1009779,1.480428,-0.76639897,-0.87689507,-1.0303344,-0.6733762,-0.90278685,-0.007143121,2.7652395,-0.08899025,-0.46683156,-0.16840206,1.0821031,-0.08947878,1.2877855,3.1069322,-0.40529114,0.3504561,0.09141638,-0.60922706,-0.1274564,-0.58601904,0.32383794,0.018404575,0.0,-0.717332,-0.004783495,0.2451631,-0.9815094,0.0,0.32221454,1.2013643,,,-0.7203277,0.3469309,-0.33931053,-0.052915577,0.21522443,-0.37067202,0.3579784,-0.13029364,-0.010993073,-0.37442085,0.0,-0.23822674,-0.1255564,-0.3762835,-0.40398565,-0.4129742,0.4129742,0.0,-0.60289925,0.5795627,-0.45575276,0.081433035,-0.6972787,0.32035258,-0.68839353,0.45108783,-0.6384163,0.44515947,-0.21224794,-0.75069946,-0.56148344,-0.7112849,-0.7393559,-0.6669107,-0.99561334,-0.5527479,-0.20640726,-0.8012495,0.4872678,-0.6372952,-0.8344634,-0.5739769,-0.7129072,-0.74291635,-0.9090923,-0.42314446,-0.6712057,-0.43815798,-0.16591404,-0.6958553,-0.0020338148,0.48750386,0.20526887,0.019537916,0.15475261,0.57480216,-0.1940753,0.04456393,0.24680421,0.0017463153,0.15051204,0.5505934,-0.5931699,0.9692686,0.49199083,-0.2648209,-0.25393736,-0.5666381,-0.25877884,-0.22970593,-0.58367676,-0.22962816,0.8891638,4.2578487,-0.51986665,1.4175764,-0.41830733,0.30722588,1.0265828,-0.431262,-0.11904024,-0.37413526,0.07717776,-0.08671448,-0.49405694,-0.47255802,-0.49761578,-0.14335757,-0.64965177,-0.3404308,-0.3861206,0.6994621,0.26190105,-0.40917775,-0.68648857,-0.23654567,-0.27889928,0.46567458,-0.539203,0.49757013,0.30720398,-0.21950094,0.3544834,0.4526917,-0.3921896,-0.51009065,0.023865556,2.6181226,-0.22050403,-0.5071877,-0.61003846,-0.45320797,-0.5315438,-0.5329233,-0.38389146,-0.26338077,-0.3520933,0.49752277,-0.37025312,-0.3775809,-0.45996118,-0.5550135,-0.34483933,-0.6372677,-0.7130679,0.37166482,0.29283065,0.26217157,-0.1570432,-0.23023584,0.45025983,-0.44220936,-0.31852227,-0.09688828,-0.033621967,0.34083453,-0.35241574,-0.56099844,2.0253928,-0.6317007,-0.47238803,-0.3146168,0.4421034,-0.21156491,-0.9478086,2.0430093,-1.1149253,-1.4545045,-0.5993666,-0.58813083,-0.5830802,0.5531679,0.056778017,-0.29186246,-1.3534126,-0.19075522,0.18977112,-1.061196,-1.5300694,1.3053316,0.1658659,-0.4751641,0.316095,1.3064382,-0.65251654,1.4929239,-1.1196359,-1.2738864,0.50061274,2.3275256,0.013696097,0.9808269,-1.3866857,-1.2644489,1.3321706,0
0.055498682,1.1240981,-0.3518971,0.22388905,1.8021759,-0.48589292,-0.49797708,2.1503644,0.06453513,-0.8533933,-0.19080469,-0.9533004,0.78464276,0.43989062,2.0798857,-0.7491226,-0.7957335,-0.7737673,1.0270114,-0.7679577,-0.47268516,-0.9747588,-0.8733988,-0.49702278,-0.49133715,0.87808204,0.0018186043,0.56428146,0.3476559,0.30001703,0.010202961,1.9189372,-0.7396787,-0.17526792,1.6385863,-0.71696407,-0.9997712,0.5200394,-0.55827004,-0.30322754,-0.20426899,-0.37677667,-0.8842552,-0.25085825,0.8797049,-0.72844297,0.52005726,2.1367252,-0.45686883,-0.7650117,-0.94849145,-0.8321632,-0.30271134,-0.8070288,-0.37323314,-0.603192,-0.3374025,-0.45134008,0.61320573,-0.57300663,-0.23822674,-0.05790533,0.0,0.0,-0.918359,-1.0897521,-1.076007,0.0,0.0,-0.918359,-1.0897523,-1.0760069,0.0,0.0,-0.918359,-1.0897523,-1.0760069,-0.54408973,0.01773969,0.20204285,-0.6844104,0.3092193,-0.8600367,1.1009779,1.480428,-0.76639897,-0.87689507,-1.0303344,-0.6733762,-0.90278685,-0.007143121,2.7652395,-0.08899025,-0.46683156,-0.16840206,1.0821031,-0.08947878,1.2877855,3.1069322,-0.40529114,0.3504561,0.09141638,-0.60922706,-0.1274564,-0.58601904,0.32383794,0.018404575,0.0,-0.717332,-0.004783495,0.2451631,-0.9815094,0.0,0.32221454,1.2013643,,,-0.7203277,0.3469309,-0.33931053,-0.052915577,0.21522443,-0.37067202,0.3579784,-0.13029364,-0.010993073,-0.37442085,0.0,-0.23822674,-0.1255564,-0.3762835,-0.40398565,-0.4129742,0.4129742,0.0,-0.60289925,-0.2761016,-0.4197384,-0.19909228,0.35132334,-0.45353884,-0.6855586,-0.79514843,-0.854296,0.8045782,-0.84099925,-0.5204852,-0.8655186,0.2345015,-0.37192562,0.20395736,-0.68105835,-0.82130224,-0.5422918,0.43632498,-0.8546372,-0.2995207,-0.9014551,-0.57230973,-0.143943,-0.85980076,0.36321133,0.6292928,0.06940726,-0.66856694,-0.4747241,-0.87735367,-0.0020338148,-0.3330673,0.3283171,1.0251418,-0.45196104,0.1579377,0.5081789,-0.295719,-0.40583655,-0.115861624,-0.47815403,-0.42944172,-0.40099227,-0.26929814,-0.59161204,-0.33081654,0.7149741,-0.44099945,0.21375127,-0.5768224,-0.23840913,-0.30444613,0.49065447,0.17132868,-0.52974737,-0.2573572,-0.44827476,-0.40711764,0.85307294,-0.04163523,-0.53292644,-0.37413526,-0.06456778,0.07745119,0.114913985,-0.33535683,-0.34673715,-0.3556269,1.5732443,-0.3919926,-0.5640973,-0.46842828,-0.06535064,-0.091538936,-0.18248753,-0.54977447,0.7874133,-0.49350655,-0.08237874,0.14692888,-0.2630323,-0.22032864,-0.5618798,-0.4443427,-0.5620819,0.07550088,-0.1073474,0.40105677,-0.26557624,0.33366933,0.11161091,-0.5495447,-0.55124116,0.5003369,1.6257546,0.08362069,-0.41744834,0.30408314,-0.29610348,-0.47280708,-0.45996118,0.968238,-0.45631716,-0.48037437,-0.63465536,0.4207564,-0.6582469,0.89664495,0.12949345,-0.26206368,-0.094768114,-0.44220936,0.079303764,-0.56364214,-0.38725463,0.03532059,0.23824145,0.30768046,-0.49267927,0.010583792,1.9979659,-0.24244776,-0.124045916,-0.21156491,-0.4203601,1.0065122,3.391096,-0.81972337,-0.6346273,0.18534985,-1.2101241,-0.31724504,-0.3171181,-0.9926986,-0.24799035,0.7437865,-0.41831926,-0.9042872,-0.8813102,-0.9224624,-1.4469297,-1.3857698,3.147852,-0.3248169,-0.17765263,-0.045124035,-0.6896911,1.4173577,3.1449566e-05,-0.5498642,0.3646738,-0.86684704,-1.3874321,0.6638358,-0.7622881,0
0.055498682,1.1240981,-0.3518971,0.22388905,1.8021759,-0.48589292,-0.49797708,2.1503644,0.06453513,-0.8533933,-0.19080469,-0.9533004,0.78464276,0.43989062,2.0798857,-0.7491226,-0.7957335,-0.7737673,1.0270114,-0.7679577,-0.47268516,-0.9747588,-0.8733988,-0.49702278,-0.49133715,0.87808204,0.0018186043,0.56428146,0.3476559,0.30001703,0.010202961,1.9189372,-0.7396787,-0.17526792,1.6385863,-0.71696407,-0.9997712,0.5200394,-0.55827004,-0.30322754,-0.20426899,-0.37677667,-0.8842552,-0.25085825,0.8797049,-0.72844297,0.52005726,2.1367252,-0.45686883,-0.7650117,-0.94849145,-0.8321632,-0.30271134,-0.8070288,-0.37323314,-0.603192,-0.3374025,-0.45134008,0.61320573,-0.57300663,-0.23822674,-0.05790533,0.0,0.0,-0.918359,-1.0897521,-1.076007,0.0,0.0,-0.918359,-1.0897523,-1.0760069,0.0,0.0,-0.918359,-1.0897523,-1.0760069,-0.54408973,0.01773969,0.20204285,-0.6844104,0.3092193,-0.8600367,1.1009779,1.480428,-0.76639897,-0.87689507,-1.0303344,-0.6733762,-0.90278685,-0.007143121,2.7652395,-0.08899025,-0.46683156,-0.16840206,1.0821031,-0.08947878,1.2877855,3.1069322,-0.40529114,0.3504561,0.09141638,-0.60922706,-0.1274564,-0.58601904,0.32383794,0.018404575,0.0,-0.717332,-0.004783495,0.2451631,-0.9815094,0.0,0.32221454,1.2013643,,,-0.7203277,0.3469309,-0.33931053,-0.052915577,0.21522443,-0.37067202,0.3579784,-0.13029364,-0.010993073,-0.37442085,0.0,-0.23822674,-0.1255564,-0.3762835,-0.40398565,-0.4129742,0.4129742,0.0,-0.60289925,0.03534712,-0.77605814,0.06717776,-0.17863233,-0.65283513,-0.29014185,0.4679075,-0.50585634,0.3338559,-0.028940095,-0.32917812,0.2561583,-0.18864302,-0.77254874,-0.6162351,1.2836491,-0.8005568,-0.69136393,-0.150487,-0.54322326,-0.8573563,-0.16921419,-0.7229274,2.2735107,-0.37533054,-0.33836576,0.18688224,-0.06378331,-0.30158874,-0.57221526,0.035561863,-0.0020338148,1.7270283,-0.646276,-0.7460249,-0.25082654,-0.7272853,-0.3574004,0.6868706,0.24680421,-0.5340827,-0.5301881,-0.12775505,-0.5931976,-0.27189055,-0.561319,1.3943771,0.273338,-0.4317804,-0.55635333,-0.15847579,-0.4322014,-0.53646165,-0.11798481,1.5638089,-0.6160354,-0.025889289,0.044080008,-0.051320665,-0.571218,0.03884322,-0.1746235,-0.37413526,-0.20432994,0.27235925,-0.042803414,-0.27891752,-0.38522834,0.19985963,-0.42685974,-0.46536168,-0.5497088,0.13918929,-0.5604418,-0.44681573,0.5090699,-0.6233617,0.72305095,-0.18496767,0.14587174,-0.22799674,0.45254523,-0.5978334,-0.58256376,1.7388757,-0.3921896,0.23000692,-0.2789836,-0.5185054,0.5458672,-0.6064803,-0.44612637,-0.24181446,0.8816682,-0.5007989,-0.018602232,0.029636325,0.16765653,-0.4525872,-0.58862567,0.06334303,1.1969911,-0.4849516,0.067990065,-0.001220238,-0.3446129,-0.099073954,2.627035,-0.44106355,0.3480744,0.20393667,1.5512524,0.06866607,-0.59611917,-0.6411505,-0.4158384,-0.5277517,-0.58229536,-0.43842897,-0.28524217,-0.04496297,-0.5275707,-0.06486694,1.0082526,-0.21156491,-0.92881864,-0.769329,-1.0723265,-0.6737098,-1.1772617,-0.9108543,-0.6476551,-1.2861214,-0.29126492,0.43945643,-0.06937689,-1.094067,0.81200016,-0.36201477,0.4776258,-1.0895346,-0.8272937,-1.355925,-0.67595804,-1.0209885,0.8755277,-1.3225865,-0.70895857,-0.65924805,-0.85044855,0.19232789,-1.2442344,-1.2699968,-0.8678157,0.85827154,-0.78922766,0
0.055498682,1.1240981,-0.3518971,0.22388905,1.8021759,-0.48589292,-0.49797708,2.1503644,0.06453513,-0.8533933,-0.19080469,-0.9533004,0.78464276,0.43989062,2.0798857,-0.7491226,-0.7957335,-0.7737673,1.0270114,-0.7679577,-0.47268516,-0.9747588,-0.8733988,-0.49702278,-0.49133715,0.87808204,0.0018186043,0.56428146,0.3476559,0.30001703,0.010202961,1.9189372,-0.7396787,-0.17526792,1.6385863,-0.71696407,-0.9997712,0.5200394,-0.55827004,-0.30322754,-0.20426899,-0.37677667,-0.8842552,-0.25085825,0.8797049,-0.72844297,0.52005726,2.1367252,-0.45686883,-0.7650117,-0.94849145,-0.8321632,-0.30271134,-0.8070288,-0.37323314,-0.603192,-0.3374025,-0.45134008,0.61320573,-0.57300663,-0.23822674,-0.05790533,0.0,0.0,-0.918359,-1.0897521,-1.076007,0.0,0.0,-0.918359,-1.0897523,-1.0760069,0.0,0.0,-0.918359,-1.0897523,-1.0760069,-0.54408973,0.01773969,0.20204285,-0.6844104,0.3092193,-0.8600367,1.1009779,1.480428,-0.76639897,-0.87689507,-1.0303344,-0.6733762,-0.90278685,-0.007143121,2.7652395,-0.08899025,-0.46683156,-0.16840206,1.0821031,-0.08947878,1.2877855,3.1069322,-0.40529114,0.3504561,0.09141638,-0.60922706,-0.1274564,-0.58601904,0.32383794,0.018404575,0.0,-0.717332,-0.004783495,0.2451631,-0.9815094,0.0,0.32221454,1.2013643,,,-0.7203277,0.3469309,-0.33931053,-0.052915577,0.21522443,-0.37067202,0.3579784,-0.13029364,-0.010993073,-0.37442085,0.0,-0.23822674,-0.1255564,-0.3762835,-0.40398565,-0.4129742,0.4129742,0.0,-0.60289925,-0.84654444,-0.18183881,-0.6588954,0.44291505,-0.95055646,-0.66957325,0.33282205,-0.3355417,-0.8382531,0.11452096,0.22148477,1.729544,-0.64250416,-0.54636407,-0.81066287,-1.1187093,-0.7296619,0.0024158724,-0.77988046,-0.32098117,-0.8792838,0.087727554,-0.60700816,-0.0040277434,-0.2501611,0.38658127,0.5356376,0.9879079,-0.56670797,-0.62637,-0.8363578,-0.0020338148,-0.5578382,1.1428506,-0.6229004,0.4243787,0.954065,-0.46935418,-0.528513,-0.45247087,-0.55019873,-0.60947734,-0.45811296,-0.54376584,0.1347462,-0.42625663,-0.32936436,-0.3452761,-0.34836754,-0.3407757,-0.056552466,-0.015941778,-0.11658711,-0.17483355,1.4832894,-0.53089154,-0.6135611,-0.11258394,-0.26279613,0.2727942,0.20087987,-0.4367356,-0.37413526,0.07717776,0.014747838,-0.31209737,1.2183881,-0.35542917,-0.3556269,-0.49532458,-0.42000166,0.24487394,-0.45454523,-0.21902055,-0.091538936,-0.31467587,-0.54977447,0.17592719,-0.49350655,-0.2183373,-0.6254308,0.012989204,-0.22032864,-0.004675911,-0.64045036,-0.16724862,-0.5089598,0.20862566,-0.45227528,-0.42231616,0.33366933,1.7380924,-0.16845211,0.3597024,-0.13437821,-0.45222354,-0.52325565,-0.053356368,0.30408314,0.60251355,-0.39978606,-0.37879816,-0.389009,-0.0503368,-0.47699887,-0.4382588,-0.099073954,-0.46698004,0.15456331,0.12949345,-0.10453543,0.7859652,0.6556401,-0.34811848,-0.6411505,-0.6661862,0.03532059,-0.13371402,-0.5137173,-0.49267927,0.08421741,-0.03850888,0.311532,-1.067628,-0.21156491,-0.99786067,-0.91782266,-1.2132403,-1.1098304,-0.34029582,-0.58813083,-1.3782748,-1.356183,-0.29126492,0.43945643,-1.1241875,-1.2141695,-1.1225945,-0.82125473,-1.4414195,-0.73737186,-0.8272937,-0.4751641,-0.60264534,0.09716175,-0.89587516,-0.66030926,-0.94199336,-0.51543945,-0.64776015,-0.8551462,-1.620921,-1.1834419,-1.3866857,-0.7745831,-0.7802668,0
0.055498682,1.1240981,-0.3518971,0.22388905,1.8021759,-0.48589292,-0.49797708,2.1503644,0.06453513,-0.8533933,-0.19080469,-0.9533004,0.78464276,0.43989062,2.0798857,-0.7491226,-0.7957335,-0.7737673,1.0270114,-0.7679577,-0.47268516,-0.9747588,-0.8733988,-0.49702278,-0.49133715,0.87808204,0.0018186043,0.56428146,0.3476559,0.30001703,0.010202961,1.9189372,-0.7396787,-0.17526792,1.6385863,-0.71696407,-0.9997712,0.5200394,-0.55827004,-0.30322754,-0.20426899,-0.37677667,-0.8842552,-0.25085825,0.8797049,-0.72844297,0.52005726,2.1367252,-0.45686883,-0.7650117,-0.94849145,-0.8321632,-0.30271134,-0.8070288,-0.37323314,-0.603192,-0.3374025,-0.45134008,0.61320573,-0.57300663,-0.23822674,-0.05790533,0.0,0.0,-0.918359,-1.0897521,-1.076007,0.0,0.0,-0.918359,-1.0897523,-1.0760069,0.0,0.0,-0.918359,-1.0897523,-1.0760069,-0.54408973,0.01773969,0.20204285,-0.6844104,0.3092193,-0.8600367,1.1009779,1.480428,-0.76639897,-0.87689507,-1.0303344,-0.6733762,-0.90278685,-0.007143121,2.7652395,-0.08899025,-0.46683156,-0.16840206,1.0821031,-0.08947878,1.2877855,3.1069322,-0.40529114,0.3504561,0.09141638,-0.60922706,-0.1274564,-0.58601904,0.32383794,0.018404575,0.0,-0.717332,-0.004783495,0.2451631,-0.9815094,0.0,0.32221454,1.2013643,,,-0.7203277,0.3469309,-0.33931053,-0.052915577,0.21522443,-0.37067202,0.3579784,-0.13029364,-0.010993073,-0.37442085,0.0,-0.23822674,-0.1255564,-0.3762835,-0.40398565,-0.4129742,0.4129742,0.0,-0.60289925,1.2188522,-0.59243083,-0.7053902,-0.86874753,-0.923464,-0.42243394,-0.40784964,-0.80351454,0.12785639,1.2182907,-0.26465327,0.30363467,-0.6894938,-0.8071569,0.37624657,0.2802312,-0.8746748,-0.8467512,-0.4358177,-0.8501689,-0.73760027,-0.90779465,0.09113118,-0.6331959,0.7113799,0.7686322,-0.70063686,1.52067,-0.31993663,-0.7769996,-0.64343137,-0.0020338148,-0.12980036,0.528786,-0.072352365,0.09070018,-0.46881878,-0.13380098,-0.03971249,-0.35568136,-0.55897194,-0.43781292,-0.5919979,-0.5931699,-0.5963051,-0.109971814,1.0557784,-0.18372753,0.12917206,0.5030943,0.58283275,0.45807123,-0.22962816,-0.49280405,-0.5640354,-0.5693876,0.66303146,1.9275861,-0.38770112,-0.36535248,0.80419385,-0.63589907,-0.37413526,-0.47942218,1.0909745,0.067761585,-0.26120543,-0.6820676,0.33716688,-0.64965177,-0.41379988,-0.2570936,1.3007244,-0.13449329,1.1300238,-0.5629335,-0.4184325,-0.57951623,-0.38141432,-0.4684393,-0.6517681,0.10364511,0.10085714,-0.49048734,0.22066592,-0.3621037,-0.51009065,0.5163985,-0.12767033,-0.49727246,-0.30809355,-0.050365254,0.30004758,-0.4986394,-0.64828426,-0.292917,-0.29785347,-0.41744834,0.62450874,-0.5478268,-0.3712665,3.083469,-0.5828704,-0.45631716,0.23862022,-0.73127645,-0.24667563,-0.106997356,1.2166734,-0.37979224,2.341534,0.11225748,-0.1322434,0.079303764,-0.05142322,-0.06655347,0.4453687,-0.676484,0.30768046,-0.36095917,-0.64550614,-0.38332516,0.218923,0.4421034,-0.21156491,-0.035631046,-0.361918,-0.41014448,1.2760928,0.2403944,0.441132,0.49797314,0.20067142,-0.6629951,-0.97162575,-0.72958696,-0.03457938,-0.016998002,-0.8715742,0.028446225,-0.5085129,0.11963326,-0.37584287,-0.36097923,-0.21912396,-0.5242927,-0.82910806,1.064608,-1.0673977,0.10038559,-1.0730596,1.0836943,0.16063902,1.0754117,0.013851338,1.5092384,0
0.055498682,1.1240981,-0.3518971,0.22388905,1.8021759,-0.48589292,-0.49797708,2.1503644,0.06453513,-0.8533933,-0.19080469,-0.9533004,0.78464276,0.43989062,2.0798857,-0.7491226,-0.7957335,-0.7737673,1.0270114,-0.7679577,-0.47268516,-0.9747588,-0.8733988,-0.49702278,-0.49133715,0.87808204,0.0018186043,0.56428146,0.3476559,0.30001703,0.010202961,1.9189372,-0.7396787,-0.17526792,1.6385863,-0.71696407,-0.9997712,0.5200394,-0.55827004,-0.30322754,-0.20426899,-0.37677667,-0.8842552,-0.25085825,0.8797049,-0.72844297,0.52005726,2.1367252,-0.45686883,-0.7650117,-0.94849145,-0.8321632,-0.30271134,-0.8070288,-0.37323314,-0.603192,-0.3374025,-0.45134008,0.61320573,-0.57300663,-0.23822674,-0.05790533,0.0,0.0,-0.918359,-1.0897521,-1.076007,0.0,0.0,-0.918359,-1.0897523,-1.0760069,0.0,0.0,-0.918359,-1.0897523,-1.0760069,-0.54408973,0.01773969,0.20204285,-0.6844104,0.3092193,-0.8600367,1.1009779,1.480428,-0.76639897,-0.87689507,-1.0303344,-0.6733762,-0.90278685,-0.007143121,2.7652395,-0.08899025,-0.46683156,-0.16840206,1.0821031,-0.08947878,1.2877855,3.1069322,-0.40529114,0.3504561,0.09141638,-0.60922706,-0.1274564,-0.58601904,0.32383794,0.018404575,0.0,-0.717332,-0.004783495,0.2451631,-0.9815094,0.0,0.32221454,1.2013643,,,-0.7203277,0.3469309,-0.33931053,-0.052915577,0.21522443,-0.37067202,0.3579784,-0.13029364,-0.010993073,-0.37442085,0.0,-0.23822674,-0.1255564,-0.3762835,-0.40398565,-0.4129742,0.4129742,0.0,-0.60289925,-0.6891809,-0.47791824,1.5771022,0.78500974,1.2607905,0.116062894,1.2102107,0.39151704,-0.38468066,1.8354053,-0.75069946,0.04067641,-0.38983855,0.62326866,0.37624657,-0.54789484,0.7767367,-0.5125808,0.4870991,1.5405862,1.8984137,-0.20108297,0.5416675,-0.64246136,2.3137765,0.5815911,-0.42314446,0.5652193,-0.6418758,-0.7769996,1.5007132,-0.0020338148,0.6557844,1.3050299,-0.26109272,-0.20184854,0.77190435,-0.14886956,-0.30810812,0.21458134,-0.1873342,1.2112657,-0.49916968,-0.5471568,-0.023974143,-0.30199313,-0.3172648,-0.4739407,-0.35314202,0.29095083,-0.5188435,-0.45183727,0.0856174,-0.4155211,-0.3221235,0.06159147,-0.29752576,-0.06454688,-0.33045572,-0.09873047,-0.5411444,-0.4367356,-0.37413526,-0.20432994,-0.066720076,-0.14738058,-0.6076816,0.0022746902,-0.49875185,-0.5748328,-0.69161695,0.18287499,-0.3612508,1.0479201,-0.485775,0.07301928,0.46826142,-0.57951623,-0.26726386,-0.5881391,-0.37554172,-0.19309962,-0.6105827,-0.3128489,0.12484971,-0.51482576,0.00092838,0.93491197,-0.46132797,1.5577296,0.065300286,-0.6853146,0.08524467,-0.60277283,1.43056,-0.31509596,0.08362069,0.44749373,-0.34752554,-0.5129877,-0.5698106,0.5865283,-0.3710766,-0.6189791,-0.48037437,-0.63465536,-0.099073954,0.014741194,-0.25422427,-0.5636349,0.7382184,1.0053535,-0.46098885,0.28009987,1.793126,-0.33568478,1.4026929,-0.090611175,-0.45570058,-0.41723064,-0.3706697,-0.43007877,0.33089465,-0.124045916,-0.21156491,0.19617848,-0.2761995,1.4208486,1.3783773,-0.592586,-0.26418093,0.922501,-0.7142198,0.9785788,-1.0687138,2.410528,-0.090104416,0.7874314,-0.12787755,1.4271884,0.22686599,-0.13558033,0.57227296,-1.1642183,-0.9161491,2.729562,-1.100808,-0.96365,0.10096815,0.8028058,0.29600236,-0.8686125,-0.44524583,-0.30001298,1.3186804,1.8127831,0
0.055498682,1.1240981,-0.3518971,0.22388905,1.8021759,-0.48589292,-0.49797708,2.1503644,0.06453513,-0.8533933,-0.19080469,-0.9533004,0.78464276,0.43989062,2.0798857,-0.7491226,-0.7957335,-0.7737673,1.0270114,-0.7679577,-0.47268516,-0.9747588,-0.8733988,-0.49702278,-0.49133715,0.87808204,0.0018186043,0.56428146,0.3476559,0.30001703,0.010202961,1.9189372,-0.7396787,-0.17526792,1.6385863,-0.71696407,-0.9997712,0.5200394,-0.55827004,-0.30322754,-0.20426899,-0.37677667,-0.8842552,-0.25085825,0.8797049,-0.72844297,0.52005726,2.1367252,-0.45686883,-0.7650117,-0.94849145,-0.8321632,-0.30271134,-0.8070288,-0.37323314,-0.603192,-0.3374025,-0.45134008,0.61320573,-0.57300663,-0.23822674,-0.05790533,0.0,0.0,-0.918359,-1.0897521,-1.076007,0.0,0.0,-0.918359,-1.0897523,-1.0760069,0.0,0.0,-0.918359,-1.0897523,-1.0760069,-0.54408973,0.01773969,0.20204285,-0.6844104,0.3092193,-0.8600367,1.1009779,1.480428,-0.76639897,-0.87689507,-1.0303344,-0.6733762,-0.90278685,-0.007143121,2.7652395,-0.08899025,-0.46683156,-0.16840206,1.0821031,-0.08947878,1.2877855,3.1069322,-0.40529114,0.3504561,0.09141638,-0.60922706,-0.1274564,-0.58601904,0.32383794,0.018404575,0.0,-0.717332,-0.004783495,0.2451631,-0.9815094,0.0,0.32221454,1.2013643,,,-0.7203277,0.3469309,-0.33931053,-0.052915577,0.21522443,-0.37067202,0.3579784,-0.13029364,-0.010993073,-0.37442085,0.0,-0.23822674,-0.1255564,-0.3762835,-0.40398565,-0.4129742,0.4129742,0.0,-0.60289925,-0.17119254,-0.28571448,-0.05805158,-1.0419315,-0.2023284,0.121732876,-0.7776789,-0.32339233,-0.5552047,0.55654025,-0.20766658,-0.701633,1.479009,-0.49838698,-0.3463802,-1.0628194,-0.429599,-0.6694829,-0.6638228,-0.1900485,-0.2995207,-0.7149663,-0.64170665,-0.69260514,0.6175828,-0.44988686,0.046352204,-1.0010686,-0.66856694,-0.7115269,-0.52152354,-0.0020338148,0.30545354,-0.40878242,-0.28987065,0.09070018,1.208533,0.2797668,-0.52723986,0.08476629,-0.3864329,0.51014984,-0.5919979,-0.4984878,-0.5963051,0.3806425,-0.08047776,-0.38993207,-0.69323397,-0.24212903,-0.10584033,-0.42122188,0.61128825,-0.07986079,-0.31422496,-0.349673,0.5908452,-0.16605,1.1356821,0.15233102,-0.431262,-0.13497727,-0.37413526,-0.58796734,-0.50578696,-0.74975353,-0.27910787,-0.33804458,-0.33828044,-0.16126122,-0.36398354,-0.45712763,-0.35117984,0.7280077,-0.088318504,0.3549769,-0.29697624,-0.56443816,-0.24625306,-0.36610964,-0.6517681,-0.37857124,-0.4771911,-0.53264064,0.0843907,-0.52836114,-0.5206945,-0.35607925,-0.09720582,-0.40243182,-0.6330455,-0.7099556,-0.33317652,0.021975398,-0.74368936,-0.67129505,-0.28183493,-0.40889218,1.6393676,0.11329032,-0.3250783,0.16464317,0.6389654,0.4958762,0.96316856,0.021258902,0.8240043,1.902049,-0.052274488,2.0693562,1.2615318,-0.6790418,-0.42071217,-0.35451537,-0.4330342,-0.63551474,-0.5277517,-0.1559328,0.20971584,-0.36069083,-0.5946259,-0.75629586,-0.1905038,-0.124045916,-0.21156491,-1.2405282,-0.32623082,1.5329858,-0.6940469,-0.6210372,-1.2724905,-1.3163346,-1.0813539,-0.7635663,-0.9260932,-1.3247428,-1.0282801,-0.8788609,-0.82125473,-1.4414195,-0.72012824,-1.2637935,-0.6239418,-0.5662751,0.25897667,-0.70353943,-1.1154451,-1.2413316,-0.06042634,-1.1115736,-0.7867412,-1.438663,-1.1834419,-1.5513742,-0.96183115,-0.77489966,0
0.055498682,1.1240981,-0.3518971,0.22388905,1.8021759,-0.48589292,-0.49797708,2.1503644,0.06453513,-0.8533933,-0.19080469,-0.9533004,0.78464276,0.43989062,2.0798857,-0.7491226,-0.7957335,-0.7737673,1.0270114,-0.7679577,-0.47268516,-0.9747588,-0.8733988,-0.49702278,-0.49133715,0.87808204,0.0018186043,0.56428146,0.3476559,0.30001703,0.010202961,1.9189372,-0.7396787,-0.17526792,1.6385863,-0.71696407,-0.9997712,0.5200394,-0.55827004,-0.30322754,-0.20426899,-0.37677667,-0.8842552,-0.25085825,0.8797049,-0.72844297,0.52005726,2.1367252,-0.45686883,-0.7650117,-0.94849145,-0.8321632,-0.30271134,-0.8070288,-0.37323314,-0.603192,-0.3374025,-0.45134008,0.61320573,-0.57300663,-0.23822674,-0.05790533,0.0,0.0,-0.918359,-1.0897521,-1.076007,0.0,0.0,-0.918359,-1.0897523,-1.0760069,0.0,0.0,-0.918359,-1.0897523,-1.0760069,-0.54408973,0.01773969,0.20204285,-0.6844104,0.3092193,-0.8600367,1.1009779,1.480428,-0.76639897,-0.87689507,-1.0303344,-0.6733762,-0.90278685,-0.007143121,2.7652395,-0.08899025,-0.46683156,-0.16840206,1.0821031,-0.08947878,1.2877855,3.1069322,-0.40529114,0.3504561,0.09141638,-0.60922706,-0.1274564,-0.58601904,0.32383794,0.018404575,0.0,-0.717332,-0.004783495,0.2451631,-0.9815094,0.0,0.32221454,1.2013643,,,-0.7203277,0.3469309,-0.33931053,-0.052915577,0.21522443,-0.37067202,0.3579784,-0.13029364,-0.010993073,-0.37442085,0.0,-0.23822674,-0.1255564,-0.3762835,-0.40398565,-0.4129742,0.4129742,0.0,-0.60289925,-0.65967524,-0.59243083,-0.7053902,-0.92275417,0.095392875,-0.2645099,-0.7891931,-0.75478435,0.86486316,-0.86920947,-0.7305729,-0.81814116,-0.5481166,-0.71730816,-0.4061394,-0.2645873,-0.60651296,-0.5546756,-0.6493195,0.116165705,-0.73760027,-0.8402414,0.85603863,-0.7650448,0.09725834,-0.8118977,-0.74353456,-0.11267183,0.260354,-0.45605624,-0.5196314,-0.0020338148,0.00044427943,0.38237742,-0.035200905,1.5197861,0.71644527,-0.4542856,-0.5754917,0.08120023,-0.16816087,-0.5322483,-0.6204368,-0.62048554,0.035213366,-0.1042331,-0.6069115,-0.23850851,-0.65887815,-0.12483062,-0.5188435,-0.2858889,-0.59068614,-0.6599879,-0.31422496,0.54727495,-0.28439113,-0.06454688,-0.53641796,0.29603434,-0.76296747,0.55533314,-0.37413526,-0.3242789,-0.08671448,0.41340923,0.41471815,0.023159336,-0.12644346,-0.31438985,0.63873607,-0.073338665,-0.17611045,0.3443284,-0.12257402,1.5976716,-0.54977447,0.7874133,0.37011865,-0.15499859,-0.6517681,-0.7025883,0.62545973,-0.3779262,-0.62961334,-0.3584689,-0.361319,-0.26496086,-0.26209763,-0.5893752,-0.6151266,1.8754276,-0.5479794,-0.062118474,0.50696397,-0.050158035,-0.52325565,-0.38998047,-0.16952877,-0.517157,0.17969655,-0.14291012,-0.39434144,0.05985326,-0.04472673,1.0147046,-0.43318483,-0.106997356,1.0571064,0.015938506,-0.04093565,-0.0065303473,-0.15092513,-0.61618626,0.04787513,0.24858075,-0.6182187,1.3374038,-0.1722892,-0.5832916,-0.27030742,-0.43007877,-0.26035854,-0.5014788,-0.21156491,0.19543806,-0.769329,-0.32819328,-1.0646466,-1.1772617,-0.2432277,-0.6476551,-1.2861214,-0.5913025,0.29683596,0.34617895,-1.0041885,0.57587004,-0.36201477,0.4776258,-0.2130788,-1.2844929,-0.33831203,-0.67595804,-0.13958843,-0.069813676,-0.20200883,-0.7279596,0.23898467,-0.11925544,-0.3715391,0.0025900134,-1.2699968,0.25221756,-0.95999473,-0.76658833,0
0.055498682,1.1240981,-0.3518971,0.22388905,1.8021759,-0.48589292,-0.49797708,2.1503644,0.06453513,-0.8533933,-0.19080469,-0.9533004,0.78464276,0.43989062,2.0798857,-0.7491226,-0.7957335,-0.7737673,1.0270114,-0.7679577,-0.47268516,-0.9747588,-0.8733988,-0.49702278,-0.49133715,0.87808204,0.0018186043,0.56428146,0.3476559,0.30001703,0.010202961,1.9189372,-0.7396787,-0.17526792,1.6385863,-0.71696407,-0.9997712,0.5200394,-0.55827004,-0.30322754,-0.20426899,-0.37677667,-0.8842552,-0.25085825,0.8797049,-0.72844297,0.52005726,2.1367252,-0.45686883,-0.7650117,-0.94849145,-0.8321632,-0.30271134,-0.8070288,-0.37323314,-0.603192,-0.3374025,-0.45134008,0.61320573,-0.57300663,-0.23822674,-0.05790533,0.0,0.0,-0.918359,-1.0897521,-1.076007,0.0,0.0,-0.918359,-1.0897523,-1.0760069,0.0,0.0,-0.918359,-1.0897523,-1.0760069,-0.54408973,0.01773969,0.20204285,-0.6844104,0.3092193,-0.8600367,1.1009779,1.480428,-0.76639897,-0.87689507,-1.0303344,-0.6733762,-0.90278685,-0.007143121,2.7652395,-0.08899025,-0.46683156,-0.16840206,1.0821031,-0.08947878,1.2877855,3.1069322,-0.40529114,0.3504561,0.09141638,-0.60922706,-0.1274564,-0.58601904,0.32383794,0.018404575,0.0,-0.717332,-0.004783495,0.2451631,-0.9815094,0.0,0.32221454,1.2013643,,,-0.7203277,0.3469309,-0.33931053,-0.052915577,0.21522443,-0.37067202,0.3579784,-0.13029364,-0.010993073,-0.37442085,0.0,-0.23822674,-0.1255564,-0.3762835,-0.40398565,-0.4129742,0.4129742,0.0,-0.60289925,0.15336978,-0.18573238,0.01504105,-0.99146783,-0.5400616,-0.50085425,-0.058103003,0.83822364,-0.65624017,1.0564321,-0.75069946,-0.2774349,-0.7112849,-0.7393559,-0.42827818,-0.87071586,0.102155216,0.37963477,-0.8012495,-0.7517716,-0.8077608,-0.86133087,-0.5739769,-0.7867155,-0.74291635,-0.9282949,-0.42314446,-0.47865474,-0.5310534,-0.47574046,-0.8025208,-0.0020338148,-0.38868052,0.03948128,-0.046923093,-0.48637864,-0.5837821,-0.30781025,0.8067985,-0.35568136,-0.22826505,0.3250402,-0.6625058,0.18795648,-0.37861168,-0.42625663,-0.42640963,-0.44471303,0.02762656,-0.5211225,-0.43245158,-0.39964354,-0.41968438,-0.14085807,-0.5640354,0.76166546,0.037455995,-0.33879083,-0.20000061,-0.024146525,0.3348572,-0.06731963,-0.37413526,-0.21541224,-0.289638,0.114913985,0.5639902,0.7391466,-0.14298612,-0.57684785,-0.07913347,-0.5640973,-0.21425429,-0.17620835,-0.70416534,-0.5629335,0.094033405,-0.64143217,-0.38141432,-0.50543857,-0.6206985,-0.2630323,-0.6057824,-0.5449484,-0.6691409,-0.5620819,1.0599059,-0.5136933,-0.037735,-0.5769879,-0.031323384,-0.77062416,-0.64588135,-0.5827333,-0.47283125,-0.45402423,-0.51491696,-0.2867377,-0.18453284,0.03914067,0.10667551,-0.37707826,0.26029983,0.61704904,-0.5768444,-0.2820714,-0.43318483,-0.581841,-0.23911376,0.89158344,0.54801613,0.08244632,-0.38084173,-0.56775206,0.04787513,0.2695839,-0.5277517,-0.1448234,-0.5154632,-0.46998468,0.94265616,0.33986124,-0.28321487,1.0082526,-0.21156491,-0.14338303,0.64711195,-1.6432786,-0.6036792,-1.1752689,0.45146984,1.3084228,-1.3539699,-0.86329955,-0.48603866,-0.83093023,-0.7994471,-0.312358,-0.82125473,0.24975827,-0.6795267,-1.0344433,0.31049427,-0.43559465,-0.92986184,0.038001306,0.64648825,-1.0218002,-0.16022986,-1.1431581,-0.6213983,-1.0641463,-1.1834419,-1.4922073,0.20993496,-0.7544971,0
0.055498682,1.1240981,-0.3518971,0.22388905,1.8021759,-0.48589292,-0.49797708,2.1503644,0.06453513,-0.8533933,-0.19080469,-0.9533004,0.78464276,0.43989062,2.0798857,-0.7491226,-0.7957335,-0.7737673,1.0270114,-0.7679577,-0.47268516,-0.9747588,-0.8733988,-0.49702278,-0.49133715,0.87808204,0.0018186043,0.56428146,0.3476559,0.30001703,0.010202961,1.9189372,-0.7396787,-0.17526792,1.6385863,-0.71696407,-0.9997712,0.5200394,-0.55827004,-0.30322754,-0.20426899,-0.37677667,-0.8842552,-0.25085825,0.8797049,-0.72844297,0.52005726,2.1367252,-0.45686883,-0.7650117,-0.94849145,-0.8321632,-0.30271134,-0.8070288,-0.37323314,-0.603192,-0.3374025,-0.45134008,0.61320573,-0.57300663,-0.23822674,-0.05790533,0.0,0.0,-0.918359,-1.0897521,-1.076007,0.0,0.0,-0.918359,-1.0897523,-1.0760069,0.0,0.0,-0.918359,-1.0897523,-1.0760069,-0.54408973,0.01773969,0.20204285,-0.6844104,0.3092193,-0.8600367,1.1009779,1.480428,-0.76639897,-0.87689507,-1.0303344,-0.6733762,-0.90278685,-0.007143121,2.7652395,-0.08899025,-0.46683156,-0.16840206,1.0821031,-0.08947878,1.2877855,3.1069322,-0.40529114,0.3504561,0.09141638,-0.60922706,-0.1274564,-0.58601904,0.32383794,0.018404575,0.0,-0.717332,-0.004783495,0.2451631,-0.9815094,0.0,0.32221454,1.2013643,,,-0.7203277,0.3469309,-0.33931053,-0.052915577,0.21522443,-0.37067202,0.3579784,-0.13029364,-0.010993073,-0.37442085,0.0,-0.23822674,-0.1255564,-0.3762835,-0.40398565,-0.4129742,0.4129742,0.0,-0.60289925,-0.99079436,-0.323084,-0.011556791,-0.75410247,-0.65283513,1.338733,-0.6585736,0.22436753,-0.22342308,-0.12128965,-0.26456144,-0.58123726,-0.7218098,-0.75917983,-0.5918354,-0.8679105,-0.837812,0.4015158,-0.5570751,-0.34380853,0.57663864,-0.09042837,-0.20720513,-0.11251194,-0.6256691,-0.37606218,-0.3141865,-0.35328126,-0.46484914,-0.6066858,-0.82001287,-0.0020338148,-0.3559769,1.5185509,0.028990421,0.4243787,1.5710757,0.2010157,-0.031398047,-0.5957002,-0.5512042,-0.41324976,-0.118832506,-0.5931699,-0.24166754,-0.41334146,-0.3818088,-0.39706376,0.61040014,-0.071121246,-0.061985157,0.13551636,-0.22962816,-0.035487756,-0.5640354,-0.5407717,-0.64975816,-0.12869778,-0.5024221,-0.24603264,-0.56523937,-0.4367356,-0.37413526,0.49110523,0.01771719,0.14615503,2.662693,0.2693026,-0.18861994,-0.38920882,-0.65443367,0.014292287,-0.23647712,-0.30167833,-0.64786637,-0.740615,-0.562336,-0.65816283,0.041275036,-0.40051472,1.3208661,1.2625852,0.5639397,-0.43920624,0.009636352,-0.41145313,0.1146806,0.34899235,0.24943088,-0.6073017,0.44592735,0.0137637695,-0.34644565,-0.30664945,-0.030383024,0.63037646,-0.6564379,-0.6523382,1.8169974,-0.29610348,0.06334303,0.15277295,-0.47146797,-0.1550973,-0.2845677,-0.3152001,-0.63046545,-0.48024383,-0.46087855,-0.3509617,-0.29383615,0.98347104,-0.23503444,-0.05553342,-0.7013866,-0.45343554,-0.6208795,-0.03320302,-0.43842897,-0.4019601,1.3147713,-0.023509454,-0.23848741,-1.067628,-0.21156491,-0.7016614,-0.7375037,1.524379,-1.1218889,-0.3310521,-1.0315995,-1.6506743,-1.1748034,-0.5092021,-1.2468088,-0.7124887,0.36538982,-0.71013045,-0.9811993,-1.2401624,-1.0295238,-0.12572457,-0.6239418,-0.37054053,-0.23146597,-1.0167311,-1.3372238,-0.76557213,-0.5594445,-0.82495624,-1.0332537,-1.5086533,-1.0968869,-0.98669964,-1.0248448,-0.7884218,0
0.055498682,1.1240981,-0.3518971,0.22388905,1.8021759,-0.48589292,-0.49797708,2.1503644,0.06453513,-0.8533933,-0.19080469,-0.9533004,0.78464276,0.43989062,2.0798857,-0.7491226,-0.7957335,-0.7737673,1.0270114,-0.7679577,-0.47268516,-0.9747588,-0.8733988,-0.49702278,-0.49133715,0.87808204,0.0018186043,0.56428146,0.3476559,0.30001703,0.010202961,1.9189372,-0.7396787,-0.17526792,1.6385863,-0.71696407,-0.9997712,0.5200394,-0.55827004,-0.30322754,-0.20426899,-0.37677667,-0.8842552,-0.25085825,0.8797049,-0.72844297,0.52005726,2.1367252,-0.45686883,-0.7650117,-0.94849145,-0.8321632,-0.30271134,-0.8070288,-0.37323314,-0.603192,-0.3374025,-0.45134008,0.61320573,-0.57300663,-0.23822674,-0.05790533,0.0,0.0,-0.918359,-1.0897521,-1.076007,0.0,0.0,-0.918359,-1.0897523,-1.0760069,0.0,0.0,-0.918359,-1.0897523,-1.0760069,-0.54408973,0.01773969,0.20204285,-0.6844104,0.3092193,-0.8600367,1.1009779,1.480428,-0.76639897,-0.87689507,-1.0303344,-0.6733762,-0.90278685,-0.007143121,2.7652395,-0.08899025,-0.46683156,-0.16840206,1.0821031,-0.08947878,1.2877855,3.1069322,-0.40529114,0.3504561,0.09141638,-0.60922706,-0.1274564,-0.58601904,0.32383794,0.018404575,0.0,-0.717332,-0.004783495,0.2451631,-0.9815094,0.0,0.32221454,1.2013643,,,-0.7203277,0.3469309,-0.33931053,-0.052915577,0.21522443,-0.37067202,0.3579784,-0.13029364,-0.010993073,-0.37442085,0.0,-0.23822674,-0.1255564,-0.3762835,-0.40398565,-0.4129742,0.4129742,0.0,-0.60289925,0.9106819,-0.5609836,-0.6180423,-0.77756065,-0.80503327,-0.55463934,-0.7947996,-0.17397626,1.0261208,-0.65426743,-0.57229304,-0.5296408,-0.5548384,-0.8071569,-0.7927594,-1.0789515,-0.9214401,-0.45899236,-0.2801821,-0.9982975,-0.2995207,-0.9215663,0.107166,0.6853443,-0.8683982,0.058226857,1.4603404,-0.87969285,-0.66856694,-0.3191783,-0.571258,-0.0020338148,-0.08413455,-0.4502999,-0.44930092,0.09070018,-0.7272853,-0.13380098,-0.42268878,-0.28092694,-0.55897194,-0.5304664,-0.30424693,-0.4984878,-0.5963051,-0.5610723,0.16131058,-0.44471303,-0.35314202,-0.57643735,-0.62343794,-0.57349133,-0.5592529,0.49586856,-0.5422359,-0.18480347,-0.5684787,-0.51981044,-0.34936994,-0.049621258,0.9268858,0.18388703,-0.37413526,-0.48289722,0.46879795,-0.030140322,-0.3086345,-0.33804458,0.3219556,-0.45466584,-0.36398354,0.329789,0.011238004,-0.37226537,-0.59598804,0.68319166,-0.54977447,-0.3946437,-0.5205209,-0.1650793,1.3519356,-0.07691388,0.016538981,-0.1823149,-0.61840105,-0.6755629,0.07550088,1.0394136,0.29592317,-0.34408534,-0.4703302,-0.26605022,0.037991427,-0.5827333,-0.61012095,-0.78871816,0.040864985,-0.36064893,-0.45863354,-0.03500897,-0.406101,-0.5431815,-0.55424577,-0.634612,1.682163,-0.7194082,-0.037100006,-0.09869905,-0.31668237,-0.2600312,-0.22867174,-0.4756222,-0.17284116,0.89050376,-0.041140098,0.04990758,-0.5277517,0.99966043,-0.43743005,-0.33792013,-0.6194274,-0.12679712,-0.15834895,0.4421034,-0.21156491,-1.3095598,-0.6777145,-0.6331219,0.32974187,-0.90576404,0.10656673,-0.31212053,-0.0040958473,1.4066755,-0.14314541,0.63033247,0.10386483,0.7768319,0.19206034,0.31785244,0.8621047,0.9056434,1.1477511,-0.5471525,-0.8454607,1.0031216,0.37272677,0.46176687,0.49345204,-0.61755264,1.0833294,-1.1754389,1.6619262,-0.9883655,-0.6319691,1.1803982,0
0.055498682,1.1240981,-0.3518971,0.22388905,1.8021759,-0.48589292,-0.49797708,2.1503644,0.06453513,-0.8533933,-0.19080469,-0.9533004,0.78464276,0.43989062,2.0798857,-0.7491226,-0.7957335,-0.7737673,1.0270114,-0.7679577,-0.47268516,-0.9747588,-0.8733988,-0.49702278,-0.49133715,0.87808204,0.0018186043,0.56428146,0.3476559,0.30001703,0.010202961,1.9189372,-0.7396787,-0.17526792,1.6385863,-0.71696407,-0.9997712,0.5200394,-0.55827004,-0.30322754,-0.20426899,-0.37677667,-0.8842552,-0.25085825,0.8797049,-0.72844297,0.52005726,2.1367252,-0.45686883,-0.7650117,-0.94849145,-0.8321632,-0.30271134,-0.8070288,-0.37323314,-0.603192,-0.3374025,-0.45134008,0.61320573,-0.57300663,-0.23822674,-0.05790533,0.0,0.0,-0.918359,-1.0897521,-1.076007,0.0,0.0,-0.918359,-1.0897523,-1.0760069,0.0,0.0,-0.918359,-1.0897523,-1.0760069,-0.54408973,0.01773969,0.20204285,-0.6844104,0.3092193,-0.8600367,1.1009779,1.480428,-0.76639897,-0.87689507,-1.0303344,-0.6733762,-0.90278685,-0.007143121,2.7652395,-0.08899025,-0.46683156,-0.16840206,1.0821031,-0.08947878,1.2877855,3.1069322,-0.40529114,0.3504561,0.09141638,-0.60922706,-0.1274564,-0.58601904,0.32383794,0.018404575,0.0,-0.717332,-0.004783495,0.2451631,-0.9815094,0.0,0.32221454,1.2013643,,,-0.7203277,0.3469309,-0.33931053,-0.052915577,0.21522443,-0.37067202,0.3579784,-0.13029364,-0.010993073,-0.37442085,0.0,-0.23822674,-0.1255564,-0.3762835,-0.40398565,-0.4129742,0.4129742,0.0,-0.60289925,0.09435845,0.28968117,-0.5250525,-0.3649539,-0.3151019,0.2980046,-0.42630076,0.041903473,1.6764891,-0.43540284,-0.63092667,-0.3500232,1.6123581,0.14966008,-0.7641246,-0.5371826,-0.90657586,-0.7901284,-0.55147684,-0.16722116,-0.28444824,-0.5294559,0.89073706,1.5929741,-0.895655,0.30547488,0.5352282,-0.7312026,-0.26113135,-0.75731534,-0.22873306,-0.0020338148,0.008499481,0.83093554,0.1440875,0.5176139,-0.19603735,0.632195,-0.38310805,-0.121834844,1.012041,-0.45742828,0.10362006,3.077351,0.09231793,-0.561296,-0.28114647,-0.49980685,-0.4164405,-0.5743082,-0.20533004,-0.4824548,1.2474867,-0.07986079,0.22012071,0.101232275,0.02344185,-0.4717734,-0.6160657,0.6142349,0.38835612,0.68145907,-0.37413526,0.2983152,-0.24749243,-0.12542343,-0.141179,-0.35542917,-0.46207923,-0.5748328,-0.6049358,-0.3888354,0.23479651,0.080326155,-0.6615,-0.6987019,0.45569986,0.40763703,2.3731387,-0.11070872,0.23372158,-0.67221457,-0.4368144,-0.12595274,0.28099856,-0.08726695,-0.49919397,-0.35607925,-0.48128211,0.040340766,-0.4089559,-0.100683816,0.08524467,0.023538107,-0.5535969,0.9975482,1.492298,-0.05145185,-0.37716672,-0.6283661,-0.6384961,0.5178399,0.6142689,-0.29623562,-0.5768444,0.43988803,-0.358328,-0.45684284,-0.34530696,-0.3509617,-0.5176014,0.45469478,-0.15092513,-0.22787447,-0.5566232,-0.019544454,-0.53731996,-0.61262923,0.6380828,-0.4364078,-0.42401505,0.5685864,-0.33312443,1.0082526,-0.21156491,-0.29996246,0.311834,0.81959826,-1.4425715,-1.1904908,-1.3927833,-1.5196891,-0.093170226,-0.59300363,-0.4344097,0.59941036,-0.00022596454,0.8206776,-0.80641615,-0.20009068,0.16134998,-1.2656249,-0.43341437,0.020238664,0.9718365,-1.0535338,1.2307719,-0.6306884,0.13918106,0.633987,0.1800067,-0.7497185,-0.83722204,-0.83445513,0.2430577,-0.75229645,0
0.055498682,1.1240981,-0.3518971,0.22388905,1.8021759,-0.48589292,-0.49797708,2.1503644,0.06453513,-0.8533933,-0.19080469,-0.9533004,0.78464276,0.43989062,2.0798857,-0.7491226,-0.7957335,-0.7737673,1.0270114,-0.7679577,-0.47268516,-0.9747588,-0.8733988,-0.49702278,-0.49133715,0.87808204,0.0018186043,0.56428146,0.3476559,0.30001703,0.010202961,1.9189372,-0.7396787,-0.17526792,1.6385863,-0.71696407,-0.9997712,0.5200394,-0.55827004,-0.30322754,-0.20426899,-0.37677667,-0.8842552,-0.25085825,0.8797049,-0.72844297,0.52005726,2.1367252,-0.45686883,-0.7650117,-0.94849145,-0.8321632,-0.30271134,-0.8070288,-0.37323314,-0.603192,-0.3374025,-0.45134008,0.61320573,-0.57300663,-0.23822674,-0.05790533,0.0,0.0,-0.918359,-1.0897521,-1.076007,0.0,0.0,-0.918359,-1.0897523,-1.0760069,0.0,0.0,-0.918359,-1.0897523,-1.0760069,-0.54408973,0.01773969,0.20204285,-0.6844104,0.3092193,-0.8600367,1.1009779,1.480428,-0.76639897,-0.87689507,-1.0303344,-0.6733762,-0.90278685,-0.007143121,2.7652395,-0.08899025,-0.46683156,-0.16840206,1.0821031,-0.08947878,1.2877855,3.1069322,-0.40529114,0.3504561,0.09141638,-0.60922706,-0.1274564,-0.58601904,0.32383794,0.018404575,0.0,-0.717332,-0.004783495,0.2451631,-0.9815094,0.0,0.32221454,1.2013643,,,-0.7203277,0.3469309,-0.33931053,-0.052915577,0.21522443,-0.37067202,0.3579784,-0.13029364,-0.010993073,-0.37442085,0.0,-0.23822674,-0.1255564,-0.3762835,-0.40398565,-0.4129742,0.4129742,0.0,-0.60289925,1.3729373,-0.32074964,-0.8255616,-1.1110497,-0.6128232,-0.64224774,-0.7779802,2.033255,-0.54346025,-0.79772824,-0.53011787,-0.44497553,-0.61940676,0.5886605,-0.5541269,-0.66248024,0.1516841,0.57413656,-0.8012495,-0.82171005,-0.4403784,-0.06591403,-0.92137957,-0.33385795,-0.26980838,-0.68265426,-0.70063686,-0.9181097,-0.43815798,-0.6776649,-0.269729,-0.0020338148,1.0841664,0.18190856,-0.32282776,-0.45196104,-0.405006,-0.13380098,-0.6050429,-0.37920195,-0.55897194,0.17448369,-0.42944172,0.6314414,-0.40538442,-0.3641249,-0.36134556,-0.3745032,0.06289117,-0.6523472,0.3665918,0.3230431,-0.5032981,0.14392261,-0.5422359,-0.21540228,0.5317926,-0.3547905,-0.03510119,-0.42091107,0.0587666,-0.53292644,-0.37413526,0.21346492,-0.18817626,-0.24532166,-0.27910787,0.19891857,-0.15819739,0.37255305,-0.17931515,-0.5577629,-0.43028495,-0.21992247,-0.13620763,-0.559503,-0.591822,-0.56443816,-0.383124,-0.36610964,-0.6517681,-0.5680961,-0.14762934,-0.53264064,-0.21231748,0.14187525,-0.5089598,0.68227494,-0.41980788,-0.42231616,-0.22676203,-0.06496594,-0.01265674,0.023326393,0.3141042,-0.1336105,-0.2749637,0.12287093,-0.5186492,-0.5193774,1.7591568,0.02366079,1.3202277,0.25604388,-0.48037437,-0.73900694,-0.20988384,-0.41334334,-0.40776506,-0.4473597,2.2000585,0.052635156,2.31298,-0.60805935,-0.64157665,0.37279922,0.37922135,-0.39778787,-0.5137173,0.33317134,0.040051784,-0.5934511,-0.6589254,0.4421034,-0.21156491,-0.035631046,-0.361918,-0.41014448,1.2760928,0.2403944,0.441132,0.49797314,0.20067142,-0.6629951,-0.97162575,-0.72958696,-0.03457938,-0.016998002,-0.8715742,0.028446225,-0.5085129,0.11963326,-0.37584287,-0.36097923,-0.21912396,-0.5242927,-0.82910806,1.064608,-1.0673977,0.10038559,-1.0730596,1.0836943,0.16063902,1.0754117,0.013851338,1.5092384,0
